1,luctus nec molestie,quis justo maecenas rhoncus aliquam lacus morbi quis tortor id nulla ultrices aliquet maecenas leo odio,25/06/2023,2,1
2,orci luctus et,proin risus praesent lectus vestibulum quam sapien varius ut blandit non interdum in ante vestibulum,09/06/2023,5,1
3,eleifend luctus ultricies,ante nulla justo aliquam quis turpis eget elit sodales scelerisque mauris,18/02/2023,3,1
4,ac diam,tempus vivamus in felis eu sapien cursus vestibulum proin eu mi nulla ac enim in tempor turpis,22/01/2023,1,2
5,sed augue, dui nec nisi volutpat eleifend donec ut dolor morbi vel lectus in quam fringilla rhoncus mauris,18/09/2023,5,2
6,et ultrices,rhoncus mauris enim leo rhoncus sed vestibulum sit amet cursus id turpis,26/02/2023,1,2
7,sociis natoque,nulla tempus vivamus in felis eu sapien cursus vestibulum proin eu,14/09/2023,5,2
8,lectus,quis lectus suspendisse potenti in eleifend quam a odio in hac habitasse platea dictumst maecenas ut massa quis,30/11/2023,3,3
9,sed justo,in hac habitasse platea dictumst etiam faucibus cursus urna ut tellus nulla ut erat id mauris vulputate,13/03/2023,3,4
10,cubilia curae,a suscipit nulla elit ac nulla sed vel enim sit,05/08/2023,5,4
11,lacinia sapien quis,in eleifend quam a odio in hac habitasse platea dictumst maecenas ut massa quis augue,08/11/2023,4,4
12,vitae,eget nunc donec quis orci eget orci vehicula condimentum curabitur in libero ut,31/03/2023,5,5
13,diam erat fermentum,posuere felis sed lacus morbi sem mauris laoreet ut rhoncus aliquet pulvinar sed nisl nunc rhoncus,09/08/2023,4,5
14,quis libero nullam,nunc proin at turpis a pede posuere nonummy integer non velit donec diam neque vestibulum eget vulputate,24/11/2023,4,5
